{"cameraMode":{"drawMode":0,"name":"Shaded","section":"Shading Mode"},"sceneLighting":true,"audioPlay":false,"sceneViewState":{"m_AlwaysRefresh":false,"showFog":true,"showSkybox":true,"showFlares":true,"showImageEffects":true,"showParticleSystems":true,"showVisualEffectGraphs":true,"m_FxEnabled":true},"in2DMode":false,"pivot":{"x":0.5946836471557617,"y":-2.2140774726867677,"z":-11.6488618850708},"rotation":{"x":0.0034035444259643556,"y":0.9918477535247803,"z":-0.12443798035383225,"w":0.027083102613687516},"size":7.071067810058594,"orthographic":false}